id,username,name,honor,clan,position,skills,ranks,challenges
545207bac8e60b30fc000942,g964,,432237,None,1,[],com.andmal.Ranks@3cd3e762,com.andmal.CodeChallenges@1fa121e2
56434db1abfb0e0df800005f,myjinxin2015,ÂøßÈÉÅÁöÑËÉ°Ëå¨,330447,‰∏≠ÂõΩ ÈïøÂû£,2,[create 1000  katas],com.andmal.Ranks@6ed3ccb2,com.andmal.CodeChallenges@1a677343
508f2708b3be0c0200000002,jhoffner,Jake Hoffner,323380,Codewars,3,[ruby, c#, .net, javascript, coffeescript, nodejs, rails],com.andmal.Ranks@15de0b3c,com.andmal.CodeChallenges@489115ef
561183de470bdf5eb6000022,PG1,Pete,320484,freeCodeCamp,4,[],com.andmal.Ranks@3857f613,com.andmal.CodeChallenges@198b6731
547066e0304c12ca9a000b40,Unnamed,,205987,,5,[],com.andmal.Ranks@7c6908d7,com.andmal.CodeChallenges@3c9754d8
5256ea09215e13d47e0021ea,xDranik,Andranik Andy Tonoyan,148339,Riot,6,[javascript, node.js, grunt],com.andmal.Ranks@3bf7ca37,com.andmal.CodeChallenges@79079097
56ea6329525054e4f0000356,wichu,,143829,,7,[javascript, c#, f#],com.andmal.Ranks@4d1c00d0,com.andmal.CodeChallenges@4b2bac3f
57e180177db0a22faa00131b,Blind4Basics,,138782,,8,[python, &lt;font size=1&gt;js&lt;/font&gt;..., java, ruby],com.andmal.Ranks@4e08711f,com.andmal.CodeChallenges@bcec361
588da1945e86e6660d00004e,Voile,Voile,133834,Gensokyo,9,[running out of approved katas to solve],com.andmal.Ranks@26794848,com.andmal.CodeChallenges@302552ec
56adf486d768208a3a000071,donaldsebleung,Donald Sebastian Leung,121074,,10,[kubernetes, linux, python, rust],com.andmal.Ranks@3d285d7e,com.andmal.CodeChallenges@40005471
559aab853cef38cb790000a9,danleavitt0,,120572,9 Dots,11,[],com.andmal.Ranks@2cd76f31,com.andmal.CodeChallenges@367ffa75
5251ddacda61d217f700033c,BattleRattle,Norman Soetbeer,117705,InnoGames GmbH,12,[],com.andmal.Ranks@49438269,com.andmal.CodeChallenges@ba2f4ec
5425222d60d777eb2d00068a,bkaes,Benjamin,107257,,13,[rambling about random tests, c, c++, javascript, haskell, mathematics, inactive, not creating new content anymore],com.andmal.Ranks@1c1bbc4e,com.andmal.CodeChallenges@55fe41ea
543dcf4e386034fda9000adb,joh_pot,null,97376,null,14,[],com.andmal.Ranks@fbd1f6,com.andmal.CodeChallenges@1ce24091
548b6d3d513505233f000f1c,GiacomoSorbi,Giacomo Sorbi,97200,,15,[javascript, python, ruby, c++, algo design, testing, hokuto ry≈´ken],com.andmal.Ranks@5dda768f,com.andmal.CodeChallenges@7a8c8dcf
593d205705dcf3600c000179,KenKamau,,95893,Self taught,16,[],com.andmal.Ranks@24269709,com.andmal.CodeChallenges@2aceadd4
5a640955e626c5bdcc00005c,monadius,Alexey Solovyev,94093,Asmolgam,17,[],com.andmal.Ranks@24aed80c,com.andmal.CodeChallenges@3a52dba3
550a55b1068151cd1b0005ba,matt c,Matt Collecutt,92331,,18,[],com.andmal.Ranks@2a5c8d3f,com.andmal.CodeChallenges@752325ad
59c0cd6c5fb133bac000011b,FArekkusu,Alexander Fedorov,89501,,19,[],com.andmal.Ranks@279fedbd,com.andmal.CodeChallenges@b3ca52e
58fccc2ddfec0e75970000a6,MrZizoScream,Zizou,89238,,20,[],com.andmal.Ranks@45c7e403,com.andmal.CodeChallenges@2925bf5b
56d80ba911262d87be000c03,dinglemouse,,86442,,21,[],com.andmal.Ranks@710f4dc7,com.andmal.CodeChallenges@1ff4931d
5fc955e8682ff300171bb200,dfhwze,,84772,Makuuchi,22,[],com.andmal.Ranks@65e98b1c,com.andmal.CodeChallenges@61322f9d
5775735934cccd18d7001246,JohanWiltink,,81622,The Twirling Tomatoes,23,[],com.andmal.Ranks@6ad82709,com.andmal.CodeChallenges@510f3d34
524e1e141873f3c1f4000267,xcthulhu,Matthew Wampler-Doty,77284,codewars,24,[clojure, haskell, python, javascript, c, c++, java, sql, math],com.andmal.Ranks@7817fd62,com.andmal.CodeChallenges@8297b3a
54dee531ecaa22d2d8000004,raulbc777,RAUL B. CONDOY LOPEZ,73041,IDDPMI,25,[python, c],com.andmal.Ranks@2362f559,com.andmal.CodeChallenges@b2c9a9c
5f4127784c2cc4001f348b97,akar-0,akar-0,73028,COBOL team,26,[none],com.andmal.Ranks@4c178a76,com.andmal.CodeChallenges@fa4c865
53bd98a9017c8f88200003e3,ZozoFouchtra,,70236,null,27,[],com.andmal.Ranks@3bd82cf5,com.andmal.CodeChallenges@544fa968
533b5cdf6562ae440e0000a4,mortonfox,Morton Fox,70030,,28,[bacon],com.andmal.Ranks@247bddad,com.andmal.CodeChallenges@d35dea7
5600e5370cbe1d51aa0000ac,smile67,Matthias Metzger,69429,Germany (PropertyExpert),29,[],com.andmal.Ranks@7770f470,com.andmal.CodeChallenges@5e5d171f
543afbcbdef634a70d0002e5,MysteriousMagenta,null,69053,null,30,null,com.andmal.Ranks@24313fcc,com.andmal.CodeChallenges@7d20d0b
54d3ae01fc7599a28f000a33,Deantwo,Deantwo,67638,,31,[],com.andmal.Ranks@77f1baf5,com.andmal.CodeChallenges@41a2befb
558dbb027dff6b8967000066,anter69,,64296,,32,[],com.andmal.Ranks@6c40365c,com.andmal.CodeChallenges@7bedc48a
55d4b1864b61f35634000063,Vortus,,63695,,33,[drinking coffee],com.andmal.Ranks@131ef10,com.andmal.CodeChallenges@55b0dcab
5c6963d3a10fc17f730cd157,Fbasham,,63654,,34,[],com.andmal.Ranks@38afe297,com.andmal.CodeChallenges@2df3b89c
54b08db456f22d5cba000284,obnounce,,61855,NJIT,35,[],com.andmal.Ranks@23348b5d,com.andmal.CodeChallenges@70325e14
526ef4e8294ac1d5e9000060,colbydauph,Colby Dauphinais,61032,Nike-Inc,36,[javascript, node.js, scala, haskell, react, aws, no/sql, html, css],com.andmal.Ranks@37ceb1df,com.andmal.CodeChallenges@7c9d8e2
5ef84fd8dc96490019a7821e,MobulaKuhlii,,60935,,37,[],com.andmal.Ranks@20d525,com.andmal.CodeChallenges@6200f9cb
57278156e81185e6db0003b4,St3f4n,Stefan,58687,,38,[],com.andmal.Ranks@2002fc1d,com.andmal.CodeChallenges@69453e37
53df97f0adc905a60d000dc9,ooflorent,Florent Cailhol,58094,,39,[],com.andmal.Ranks@6f4a47c7,com.andmal.CodeChallenges@ae13544
5991654589d6a0462f000005,ZED.CWT,ZED.Charley William Thairo,56898,ZED,40,[],com.andmal.Ranks@3d34d211,com.andmal.CodeChallenges@7dc0f706
577ba4032d01cd487d0000c3,Dmitry Kudla,Dmitry Kudla,56604,SkyWind,41,[javascirpt],com.andmal.Ranks@4009e306,com.andmal.CodeChallenges@43c1b556
5e7f4fa9937ffb0020007917,ejiniÊàòÁ•û,,56129,,42,[],com.andmal.Ranks@587e5365,com.andmal.CodeChallenges@22fcf7ab
589b4172d5ccd28fd800016e,uttumuttu,Mikko Kauppila,55806,University of Oulu,43,[],com.andmal.Ranks@2de23121,com.andmal.CodeChallenges@63475ace
5517ea04236c88d2fd000eac,AlexIsHappy,null,55399, Institute for Geoinformatics (Germany),44,null,com.andmal.Ranks@4988d8b8,com.andmal.CodeChallenges@c0c2f8d
55f3ac9df0459379690000f3,Shivo,,55046,,45,[],com.andmal.Ranks@305b7c14,com.andmal.CodeChallenges@6913c1fb
575ed644ed7f54192c0002d1,docgunthrop,docgunthrop,54154,,46,[],com.andmal.Ranks@66d18979,com.andmal.CodeChallenges@bccb269
5f7cb6e36c013f002f8a4681,RealKenshiro,Alati,53875,Hokuto,47,[],com.andmal.Ranks@609cd4d8,com.andmal.CodeChallenges@17f7cd29
52f4c95ba1425b6c04000484,suuuzi,Suzane Sant Ana,53673,,48,[c++, python, java, javascript],com.andmal.Ranks@7d8704ef,com.andmal.CodeChallenges@13b6aecc
52a48124e950ed6f520003ca,jacobb,Jacob,52612,UVM,49,[],com.andmal.Ranks@158a8276,com.andmal.CodeChallenges@3c3d9b6b
54fcb6f891fef31d43000728,jayeshcp,Jayesh Chandrapal,52375,Software Engineer,50,[javascript, typescript, nodejs, express, react, postgre, etc],com.andmal.Ranks@79d8407f,com.andmal.CodeChallenges@5fbe4146
52f38d67764fd69ee0001766,osuushi,Ada Cohen,50457,mooSoftware,51,[full stack],com.andmal.Ranks@1e66f1f5,com.andmal.CodeChallenges@4e50c791
6045fc301d144c000813820a,Just4FunCoder,TCY,50402,,52,[Ÿ©(‡πë√≤œâ√≥‡πë)€∂      // py;js;bf;chem-eng;intp-t],com.andmal.Ranks@7530ad9c,com.andmal.CodeChallenges@58a9760d
54848ad9e0dba120fc00086a,emporio,Michael Darmanin,50344,Media Preset,53,[html, css, php, javascript, jquery, angularjs, wordpress],com.andmal.Ranks@71e9ddb4,com.andmal.CodeChallenges@394df057
59f711687c7b626b820000e3,Len512,Len512,50198,Night Watch,54,[wisdom comes from experience. experience is often a result of lack of wisdom.],com.andmal.Ranks@4961f6af,com.andmal.CodeChallenges@5aebe890
5efd7899ef4ae500152283bc,t3l3f00n,,47981,,55,[],com.andmal.Ranks@65d09a04,com.andmal.CodeChallenges@33c911a1
55352d443cb8a88d0c000029,JustyFY,,47181,,56,[],com.andmal.Ranks@75db5df9,com.andmal.CodeChallenges@707194ba
553bfb4e8234ef15340000b9,suic,,46933,,57,[python, c#],com.andmal.Ranks@1190200a,com.andmal.CodeChallenges@6a2f6f80
57a985cdbb9944335d00006e,B1ts,Irmantas,46742,Vilnius University,58,[],com.andmal.Ranks@45b4c3a9,com.andmal.CodeChallenges@399c4be1
59677e6eb4f24de516000056,Bubbler,Bubbler,44974,Gensokyo,59,[python (mostly), c, c++, java, javascript, typescript, brainf**k],com.andmal.Ranks@291caca8,com.andmal.CodeChallenges@385e9564
54f3a629b3945fab0e000c92,daddepledge,,44593,,60,[],com.andmal.Ranks@5b94b04d,com.andmal.CodeChallenges@8c3b9d
54f1b59df58ba82788000502,CrazyMerlyn,Ankit Goel,44049,IIT BHU,61,[],com.andmal.Ranks@4c39bec8,com.andmal.CodeChallenges@f79e
5c750be34d69f45a18498042,ppa_go,,43955,,62,[],com.andmal.Ranks@7ee8290b,com.andmal.CodeChallenges@1f59a598
5917d0a840ef95ec9900004c,rowcased,,43661,Taught Self,63,[],com.andmal.Ranks@1e178745,com.andmal.CodeChallenges@192c3f1e
5f816eb2c00bae0014315acb,Kacarott,Keldan Chapman,43090,,64,[vanta-black magic],com.andmal.Ranks@26b3fd41,com.andmal.CodeChallenges@7494f96a
563a891cd52a791904000051,AzariasB,AzariasB,42933,LuxQuanta,65,[],com.andmal.Ranks@561b6512,com.andmal.CodeChallenges@2e377400
53677ee367e9f25d33000846,jolaf,Vasily Zakharov,42764,OOO VVPASS,66,[python, kotlin, java, javascript, html, css, bash],com.andmal.Ranks@1757cd72,com.andmal.CodeChallenges@445b295b
573f6c30e77527a879000798,kazk,,42143,,67,[],com.andmal.Ranks@49e5f737,com.andmal.CodeChallenges@5c671d7f
5cf4e4ec11bd8c000c1d8ae4,Mercy Madmask,Mercy,42069,HsTpD,68,[solving katas at work],com.andmal.Ranks@757277dc,com.andmal.CodeChallenges@687e99d8
59b55d5e6236542870000025,jamad,null,41932,Darkbunny,69,null,com.andmal.Ranks@e4487af,com.andmal.CodeChallenges@6aaceffd
51d32be6bd71162dac000c2c,ineiti,Linus Gasser,41616,Profeda,70,[gnu/linux, ruby, web, network, system administration, javascript, perl, bash, c{|++}],com.andmal.Ranks@c86b9e3,com.andmal.CodeChallenges@10aa41f2
5f53f84a1d026a00233aeaf4,ilash,Marcus Lassila,41568,Washed up physicists,71,[],com.andmal.Ranks@3af9c5b7,com.andmal.CodeChallenges@37271612
53323e07fad53f0462000024,weavermedia,Dan Weaver,41091,,72,[],com.andmal.Ranks@ed7f8b4,com.andmal.CodeChallenges@4c309d4d
591416a688a499193e000176,dcieslak,Dariusz Cieslak,40955,,73,[],com.andmal.Ranks@38102d01,com.andmal.CodeChallenges@37883b97
52f51a66d7fe5fa24a000a99,cmgerber,Colin Gerber,40147,null,74,[python, javascript],com.andmal.Ranks@6ab778a,com.andmal.CodeChallenges@4e3958e7
5b6c13fb7dae89bfcd0000ba,ThisIsUndefined,Undefined,39708,FrostBit,75,[],com.andmal.Ranks@77f80c04,com.andmal.CodeChallenges@1dac5ef
563689413cacedc525000018,K01egA,Oleg Konovalov,39690,Ukraine,76,[],com.andmal.Ranks@5c90e579,com.andmal.CodeChallenges@58ea606c
5242e5f3a811f5924500080b,AKJ.IO,Allan Kimmer Jensen,39500,Pentia A/S,77,[javascript, linux, design, ux],com.andmal.Ranks@6f45df59,com.andmal.CodeChallenges@38e79ae3
5319bcea80bf2a3c240006f4,kgashok,,39437,KGISL,78,[python, c++],com.andmal.Ranks@63070bab,com.andmal.CodeChallenges@68e5eea7
50a5563b6580afa7c4000259,marcinbunsch,Marcin Bunsch,38922,Groove HQ,79,[ruby, javascript, coffeescript],com.andmal.Ranks@291b4bf5,com.andmal.CodeChallenges@2d2ffcb7
5622b0481bf5d1342d000117,lechevalier,,38861,,80,[],com.andmal.Ranks@762ef0ea,com.andmal.CodeChallenges@31f9b85e
54d5144b3a742afe120001cd,rbuckley,null,38367,null,81,null,com.andmal.Ranks@424e1977,com.andmal.CodeChallenges@10d68fcd
57d6d4dea6545480b1001655,Grae-Drake,Grae Drake,37812,Thinkful,82,[sandwiches, education],com.andmal.Ranks@117e949d,com.andmal.CodeChallenges@6db9f5a4
528dcaa50e0377639d00084b,Balkoth,Jean-Marie Poissonnier,37444,,83,[],com.andmal.Ranks@5f8edcc5,com.andmal.CodeChallenges@7b02881e
57226a7f7852202cb600095e,Chrono79,Diego Mayer,36900,Free Code Camp, FreeCodeCamp,84,[javascript, php, some python, some ruby, some other languages],com.andmal.Ranks@1ebd319f,com.andmal.CodeChallenges@3c0be339
51d450414aab6b27a2000ad9,cave.on,,36347,,85,[],com.andmal.Ranks@15ca7889,com.andmal.CodeChallenges@7a675056
56f6be6f5cc2deec66000e6f,PiotrBerebecki,Piotr Berebecki,36134,Founders & Coders,86,[],com.andmal.Ranks@d21a74c,com.andmal.CodeChallenges@6e509ffa
58bae036e1cfe0e5a4000008,SQSCWQ,,36039,Gensokyo,87,[],com.andmal.Ranks@2898ac89,com.andmal.CodeChallenges@683dbc2c
561f719e2092ac2fe9000037,aryan-firouzian,Aryan Firouzian,35549,ABCDE,88,[],com.andmal.Ranks@68267da0,com.andmal.CodeChallenges@2638011
5ceb5a44c6c7fc002a63ff6a,G_kuldeep,kuldeep G.,34984,Proud Indian,89,[python, javascript, assembly],com.andmal.Ranks@6ff29830,com.andmal.CodeChallenges@6a2b953e
585bd0a945376c15810002af,nomennescio,,34966,In the beginning was the Word, and the Word was with God, and the Word was God,90,[],com.andmal.Ranks@313b2ea6,com.andmal.CodeChallenges@2f465398
54653fa26be337651900116a,TastyOs,,34927,,91,[python, matlab, arduino, c++],com.andmal.Ranks@548e6d58,com.andmal.CodeChallenges@623a8092
588e21132c7a2928050000a2,CopperWye,null,34845,,92,null,com.andmal.Ranks@a1cdc6d,com.andmal.CodeChallenges@175b9425
5f7b2f9faea0cb002843c9d1,Twilight_Sun,,34824,,93,[],com.andmal.Ranks@3098cf3b,com.andmal.CodeChallenges@610f7aa
5257b8a08e7b0d0dd00012d5,JulianNicholls,Julian Nicholls,34771,Coding Garden,94,[c, c++, ruby, php, html, css, javascript, python],com.andmal.Ranks@6a03bcb1,com.andmal.CodeChallenges@21b2e768
57a4a95fbb994454bc000224,tachyonlabs,Tan√© Tachyon,34617,Tachyon Labs,95,["ruby and python are on display this evening. if you'll just make that one stop with me first, i know you'll find it fascinating. and i'll get you to the falcon on time."],com.andmal.Ranks@57250572,com.andmal.CodeChallenges@5609159b
5862c895b4e9d6a29b000133,visph,null,34469,null,96,null,com.andmal.Ranks@2118cddf,com.andmal.CodeChallenges@17a7f733
54f71ceac71eeba50b000480,ChristianECooper,Chris,34386,Team Awesome,97,[java, python, scala, cheesecake, number theory, real analysis, statistics],com.andmal.Ranks@68567e20,com.andmal.CodeChallenges@76ed1b7c
5731a61a05d14d8851000960,Dentzil,Denis Gerbel,34291,,98,[.net, c#, c/c++, javascript],com.andmal.Ranks@11fc564b,com.andmal.CodeChallenges@394a2528
5638d55851386f363d000078,sergioet,Sergio Enrech Trillo,34053,Makers Academy,99,[],com.andmal.Ranks@6236eb5f,com.andmal.CodeChallenges@7c1e2a9e
5496c7b5becf8ae44a000ac4,chunjef,Jeffrey Chung,33638,,100,[],com.andmal.Ranks@fa36558,com.andmal.CodeChallenges@672872e1
56d5b7b6e8f2d609ae000e68,JbPasquier,Jean-Baptiste Pasquier,33542,Somewhere over the rainbow,101,[linkedin.com/in/jbpasquier],com.andmal.Ranks@32910148,com.andmal.CodeChallenges@3f56875e
530c37ff02c3168bde000100,janitormeir,R,33258,i-sveikata,102,[java, c, c++, c#, scala, js],com.andmal.Ranks@2b4bac49,com.andmal.CodeChallenges@fd07cbb
52426467add6f63696000409,OverZealous,Phil DeJarnett,33122,Codewars,103,[javascript, css, html, java, groovy, php, postgresql, angularjs, grails],com.andmal.Ranks@3571b748,com.andmal.CodeChallenges@3e96bacf
60e8ab42c0e13d004ac04618,BachMcCann,,33061,,104,[],com.andmal.Ranks@484970b0,com.andmal.CodeChallenges@4470f8a6
56fb16590ba33b5a67001fb5,siebenschlaefer,Matthias Rahlf,33024,jambit GmbH,105,[],com.andmal.Ranks@7c83dc97,com.andmal.CodeChallenges@7748410a
52643373fcadb975c800098c,wthit56,Thomas Giles,33010,,106,[],com.andmal.Ranks@740773a3,com.andmal.CodeChallenges@37f1104d
590a34a742e1371b0e00003b,ice1000,Tesla Zhang,32796,Ah boo,107,[agda, haskell, kotlin, perl, rejecting humanity],com.andmal.Ranks@55740540,com.andmal.CodeChallenges@60015ef5
5f4b7118a098c1001e6e1775,mauro-1,null,32756,,108,[],com.andmal.Ranks@2f54a33d,com.andmal.CodeChallenges@1018bde2
55ef8156321a691c5b000052,falsetru,Jeong-Min Lee,32745,Wesang,109,[python],com.andmal.Ranks@65b3f4a4,com.andmal.CodeChallenges@f2ff811
5ba957e757d1c49008000289,scarecrw,,32610,,110,[],com.andmal.Ranks@568ff82,com.andmal.CodeChallenges@50caa560
586256cdd234e935ac0000b4,Sasha Markov,Sasha Markov,32405,none,111,[c#],com.andmal.Ranks@2a266d09,com.andmal.CodeChallenges@5ab9e72c
5b397469a454c85e0000000c,Alex_D,null,31790,,112,null,com.andmal.Ranks@186f8716,com.andmal.CodeChallenges@1d8bd0de
5ca19b2ca6730a0028570fce,RazNaot,,31588,YVC,113,[],com.andmal.Ranks@45ca843,com.andmal.CodeChallenges@11c9af63
57345d1e827de2814c001234,bouchert,,31388,,114,[],com.andmal.Ranks@757acd7b,com.andmal.CodeChallenges@36b4fe2a
5f06c8d036aa1c000f2f498e,chivery,,31083,,115,[],com.andmal.Ranks@574b560f,com.andmal.CodeChallenges@ba54932
54eb0226bc1a256fc60005b6,naaz,Marziyeh,30921,Founders & Coders,116,[],com.andmal.Ranks@28975c28,com.andmal.CodeChallenges@3943a2be
5bc20908324fbee25e000027,Glyxerine,Nam Hoang Le,30859,mgm_tp,117,[],com.andmal.Ranks@343570b7,com.andmal.CodeChallenges@157853da
5446fedb22dc6ca8910002ab,bellmyer,Jaime Bellmyer,30833,rubycuts,118,[ruby, rails, postgres],com.andmal.Ranks@71c3b41,com.andmal.CodeChallenges@236e3f4e
57a5bcdebb9944aa19000a3f,adrian.eyre,Adrian Eyre,30831,Makers Academy,119,[ruby, javascript, python, c#, php, typescript, vb],com.andmal.Ranks@3cc1435c,com.andmal.CodeChallenges@6bf0219d
563af9ddeea4f2e9ef000008,Steadyx,Edward ,30792,Founders & Coders,120,[javascript, node.js, html5, css3],com.andmal.Ranks@dd0c991,com.andmal.CodeChallenges@5f16132a
5318e2102dde6f56530000a9,Abbe,Albin Theander,30785,null,121,null,com.andmal.Ranks@69fb6037,com.andmal.CodeChallenges@36d585c
53dec831e7752c67cd00037a,Azuaron,,30601,7 times a ronin,122,[js, java, php, html/css, actionscript, sql, woodsmanship, writing, arborating],com.andmal.Ranks@87a85e1,com.andmal.CodeChallenges@671a5887
5bc4a53707951327c1000080,albertogcmr,Alberto Garc√≠a cobo,30464,Ironhack,123,[java, c, python, jquery, javascript, crm, erp, itil],com.andmal.Ranks@5552768b,com.andmal.CodeChallenges@3c947bc5
55c39f483a3aa94550000038,brunolm,BrunoLM,30269,Agency Enterprise,124,[c#, typescript, javascript],com.andmal.Ranks@609db43b,com.andmal.CodeChallenges@55f616cf
578429e48507816bbb0000bb,samjam48,Sam Harris,29905,Founders and Coders,125,[javascript, python],com.andmal.Ranks@1356d4d4,com.andmal.CodeChallenges@c03cf28
5afd0f2a3e9715a10e000156,kichi941,,29653,,126,[],com.andmal.Ranks@1329eff,com.andmal.CodeChallenges@6497b078
5afac22fde4c7f259b0001a8,hobovsky,,29562,TestClanAbc,127,[],com.andmal.Ranks@41c2284a,com.andmal.CodeChallenges@53aad5d5
531bbce220522e8235000179,richardhsu,,29475,null,128,[],com.andmal.Ranks@46fa7c39,com.andmal.CodeChallenges@1fb700ee
58a8f1253ce2f2412d000212,Ching Ching,Ching Ching,29408,HK,129,[],com.andmal.Ranks@4f67eb2a,com.andmal.CodeChallenges@4a668b6e
57591d24961a030cb1000416,gabbek,,29372,,130,[python, javascript, c++],com.andmal.Ranks@5f683daf,com.andmal.CodeChallenges@78ffe6dc
5fca763222aa28001c29f4d2,lachesism,null,29227,,131,[life's pathetic, let's pythonic.],com.andmal.Ranks@8317c52,com.andmal.CodeChallenges@76f2bbc1
5c613298368c70214f942ac1,q_circle,null,29131,null,132,null,com.andmal.Ranks@68e965f5,com.andmal.CodeChallenges@6f27a732
54ccff7a53e8c1b60800054c,JKphobic,null,29049,null,133,null,com.andmal.Ranks@6c779568,com.andmal.CodeChallenges@f381794
5538d74a9b6b6b0ec500007b,MMMAAANNN,,28875,,134,[],com.andmal.Ranks@2cdd0d4b,com.andmal.CodeChallenges@7e9131d5
52bb71059dd07b6feb000431,taw,Tomasz Wegrzanowski,28848,,135,[ruby, cats],com.andmal.Ranks@2e1d27ba,com.andmal.CodeChallenges@61d6015a
5512e587be20740ae70001c1,acaccia,,28830,UrLab,136,[],com.andmal.Ranks@2525ff7e,com.andmal.CodeChallenges@524d6d96
56e66928988e85980d0004d5,aweleshetu,·ä†·ãà·àç ·ä•·à∏·â± ,28727,·ä†·ãà·àç ·ä•·à∏·â± ,137,[gmo],com.andmal.Ranks@152aa092,com.andmal.CodeChallenges@44a7bfbc
52f523f2a1425b007d000ad5,Ivan Diachenko,Ivan Diachenko,28540,Sequoia,138,[haskell, go, rust, scala, java],com.andmal.Ranks@4ef37659,com.andmal.CodeChallenges@776b83cc
54f57da2576d7a0131001451,Jotha,Julian,28493,clanless,139,[c#, js],com.andmal.Ranks@37858383,com.andmal.CodeChallenges@4e268090
5550b70445f20461790000a1,DivyanshBatham,Divyansh Batham,28405,Codewars,140,[javascript, mysql, html, css, c, c++],com.andmal.Ranks@1bb266b3,com.andmal.CodeChallenges@306cf3ea
593b0655a9f5e93f0a0001b1,K-Calderon-ASC,,28335,All Star Code,141,[],com.andmal.Ranks@2beee7ff,com.andmal.CodeChallenges@5136d012
5746addfb5d0afe9ee000b3c,e.mihaylin,Eugene Mihaylin,28155,Javascript,142,[javascript, typescript, angular, node, express, nest, moleculer, docker, aws],com.andmal.Ranks@5939a379,com.andmal.CodeChallenges@e1de817
5585b46d24b12e1d2a0000ee,NaMe613,,28137,,143,[],com.andmal.Ranks@52102734,com.andmal.CodeChallenges@3541cb24
52581671dd4bcca075000264,laoris,,28008,null,144,[],com.andmal.Ranks@2177849e,com.andmal.CodeChallenges@40cb8df7
5a4f8c2ecadebfa349000111,universe.hiro,null,27540,,145,null,com.andmal.Ranks@13b13b5d,com.andmal.CodeChallenges@2892dae4
59babd91cb7fb4aace000001,eb110,W≈Çadys≈Çaw Figura,27296,The Software Institute,146,[dotnet, springboot, react, angular, clojure, sql, mongo, aws, dockers, jira, fullstack],com.andmal.Ranks@355ce81c,com.andmal.CodeChallenges@29647f75
55af54da4c2c56e9400000a1,kodejuice,Sochima Biereagu,27202,,147,[],com.andmal.Ranks@3315d2d7,com.andmal.CodeChallenges@d6e7bab
5db6806be40ce4000e632b54,vietanh101003,,26931,,148,[],com.andmal.Ranks@5fa07e12,com.andmal.CodeChallenges@55b53d44
5a6b9f52e6be382a5f0000f8,Jomopipi,Jomopipi,26731,https://nunisynth.com,149,[coding],com.andmal.Ranks@482bce4f,com.andmal.CodeChallenges@366647c2
5e73c0fca3e209003591371f,hapster100,Andreenko Alexey,26447,,150,[],com.andmal.Ranks@6a6afff2,com.andmal.CodeChallenges@1649b0e6
56e8a4e427a00dca06001a90,shaddyjr,Mahdi Shadkamfarrokhi,26288,,151,[],com.andmal.Ranks@865dd6,com.andmal.CodeChallenges@4da4253
5b3161fdb6989db1e70003ce,petrosernivka,Petro Sernivka,26240,,152,[],com.andmal.Ranks@3972a855,com.andmal.CodeChallenges@62e7f11d
5470d30bf7587881020000aa,pinelopi,,26186,,153,[],com.andmal.Ranks@503d687a,com.andmal.CodeChallenges@6a370f4
53dbf24e8a0c9334550000ba,samranjbari,Sam Ranjbari,26019,FSU,154,[javascript, c#],com.andmal.Ranks@2abf4075,com.andmal.CodeChallenges@770d3326
5e0c741c857f80001df3b34f,catchaser,Alex,25873,,155,[],com.andmal.Ranks@4cc8eb05,com.andmal.CodeChallenges@51f116b8
5852aaaf85bae7f48900005f,DarkMain,,25751,,156,[],com.andmal.Ranks@19d481b,com.andmal.CodeChallenges@1f97cf0d
58c2db6dea6572f0eb000056,NunoOliveira,,25496,,157,[],com.andmal.Ranks@140c9f39,com.andmal.CodeChallenges@4d910fd6
55b9dc18f375125a120000a0,JMurphyWeb,,25360,Founders & Coders,158,[],com.andmal.Ranks@26275bef,com.andmal.CodeChallenges@7690781
5f1aa582e25ddc0033fa2282,Wisdou,,25130,Gensokyo,159,[],com.andmal.Ranks@77eca502,com.andmal.CodeChallenges@3246fb96
5f8de0f54442d7001b94f8f4,AntonTimofeev,Anton,25093,Web Developer Saint-Petersburg, Russia,160,[],com.andmal.Ranks@2e222612,com.andmal.CodeChallenges@61386958
58a3b52ac27cfe75b7000099,MaikelNabil,Mike Nabil - Miami, FL,24653,Mike.Digital - Miami, FL,161,[html, css, java, javascript, typescript, ruby, python, shell, sql],com.andmal.Ranks@73ee04c8,com.andmal.CodeChallenges@7671cb68
5257d535e6925db9ad0016d4,omegahm,Mads Ohm Larsen,24574,,162,[ruby, rails, algorithms],com.andmal.Ranks@49dc7102,com.andmal.CodeChallenges@6b8ca3c8
5718216b7510e1fc5c001a9f,Quickz,Alex,24531,Boroda,163,[js, c#],com.andmal.Ranks@68c72235,com.andmal.CodeChallenges@10959ece
54297a23d3a45f61bc000ea1,Beast,John Bampton,24521,Summerhill,164,[mutton chops a powerful magician for hire..?!?!! one beard to rule them all..!!?!?!! all up votes include black sunglasses],com.andmal.Ranks@3a6bb9bf,com.andmal.CodeChallenges@34f7cfd9
56e5f61a404bb1a30b0013fd,HerrWert,,24449,Kutztown Area High School,165,[],com.andmal.Ranks@65f095f8,com.andmal.CodeChallenges@59af0466
5e33279d0d4b580014166f49,pa-m,Pascal Masschelier,24411,French Gophers,166,[],com.andmal.Ranks@3e6ef8ad,com.andmal.CodeChallenges@346d61be
53af8cdc1d1674106c00008c,tfKamran,Kamran Ahmed Ansari,24111,team.fluxion,167,[android, java, javascript, html, css, php],com.andmal.Ranks@55536d9e,com.andmal.CodeChallenges@747edf66
55e01bc33e02194893000031,andrewMacmurray,Andrew MacMurray,24024,Founders & Coders,168,[],com.andmal.Ranks@3d1cfad4,com.andmal.CodeChallenges@62230c58
559efb5d9363b10039000052,dukeofgarda,duke,24019,Infinityworks,169,[],com.andmal.Ranks@2cd2a21f,com.andmal.CodeChallenges@2e55dd0c
53ec3dfae13d613225000488,zebulan,G,23851,Vancouver, BC,170,[python, javascript],com.andmal.Ranks@74455848,com.andmal.CodeChallenges@e7edb54
58f8d32e4244005b24000094,dmivlge,,23761,,171,[],com.andmal.Ranks@378542de,com.andmal.CodeChallenges@3738449f
557b46453999a58f90000047,iamstone,null,23399,,172,null,com.andmal.Ranks@69e1dd28,com.andmal.CodeChallenges@11bd0f3b
55c4bbf000c66ced50000089,isqua,isqua,23364,Yandex,173,[],com.andmal.Ranks@c333c60,com.andmal.CodeChallenges@79da8dc5
52f2e326392fb83ee5002a19,fenring76,,23186,,174,[],com.andmal.Ranks@1eb5174b,com.andmal.CodeChallenges@67080771
534da9a95371ec5eb60010f5,Javatlacati,Ruslan L√≥pez Carro,23170,IBM,175,[java, matlab, prolog, javascript, ruby, scss, xslt],com.andmal.Ranks@72cde7cc,com.andmal.CodeChallenges@5fd4f8f5
596892cf50d94d803700007e,Avanta,Harry Min,22938,,176,[],com.andmal.Ranks@696da30b,com.andmal.CodeChallenges@4e7912d8
5694508233d6207382000003,Peter Rhodes,Peter Rhodes,22938,Founders & Coders,176,[],com.andmal.Ranks@53976f5c,com.andmal.CodeChallenges@2bfc268b
56fc0666fca8b93cf6001463,nbeck,,22813,McGill University,178,[ruby, javascript, and crystal, coffeescript, python.],com.andmal.Ranks@2f8dad04,com.andmal.CodeChallenges@29e495ff
5857a250ed1b4deba50001d4,pavloslav,Pavloslav,22716,,179,[],com.andmal.Ranks@41e1e210,com.andmal.CodeChallenges@be35cd9
5f7a244d0f1ec5001eb63c86,Ciprian Amza,,22650,EveryMatrix,180,[],com.andmal.Ranks@4944252c,com.andmal.CodeChallenges@44821a96
59c50323dcc4056f46000176,kontic,Ivan Kontic,22625,Simple clan,181,[],com.andmal.Ranks@a3d8174,com.andmal.CodeChallenges@1ba9117e
58d73e99ba746264890001f1,Souzooka,,22548,,182,[c#, c, python, reverse engineering, javascript],com.andmal.Ranks@732c2a62,com.andmal.CodeChallenges@272ed83b
58af2b0aac7e31a9a20000bb,Lyapunov,,22535,By Endurance We Conquer,183,[],com.andmal.Ranks@41fecb8b,com.andmal.CodeChallenges@120f102b
563aa505a03115454c000080,10XL,,22488,,184,[],com.andmal.Ranks@625732,com.andmal.CodeChallenges@51dcb805
5c2f2e30dc33a55365c07394,jk-jung,Jukyung Jung,22476,Drama & Company,185,[],com.andmal.Ranks@66498326,com.andmal.CodeChallenges@cad498c
5f5d6529f0cc5100282c9d88,davidmaamoaix,DavidM,22403,YKPS,186,[making conversations awkward],com.andmal.Ranks@1e6454ec,com.andmal.CodeChallenges@2accdbb5
544f71166ce469c23d000012,acraileanu,Andrei Raileanu,22398,,187,[],com.andmal.Ranks@b62d79,com.andmal.CodeChallenges@6631f5ca
5ca64aa953ea010011ccd311,trashy_incel,ahmed al andalusi,22277,,188,[writing bad code],com.andmal.Ranks@5ace1ed4,com.andmal.CodeChallenges@1613674b
52ec0ab58a515e831c0005e4,dnolan,Dan Nolan,22237,Codewars,189,[],com.andmal.Ranks@27ff5d15,com.andmal.CodeChallenges@4e096385
5bd0a923ae9fe70eda000588,RobsonMoon,RobsonMoon,21794,null,190,[],com.andmal.Ranks@649bec2e,com.andmal.CodeChallenges@693fe6c9
572ed91b3bd44719f80004c9,8fdafs2,8fdafs2,21758,,191,[python, javascript, typescript, c++, c#, rust, golang],com.andmal.Ranks@34f5090e,com.andmal.CodeChallenges@31e5415e
55af99268a7d3a03d4000081,zruF,,21665,YOOCreatives,192,[c#, java, python, js],com.andmal.Ranks@a2431d0,com.andmal.CodeChallenges@1cbb87f3
5921cef45680925cd50000e1,flaco,Falco,21541,,193,[],com.andmal.Ranks@1a4013,com.andmal.CodeChallenges@1b6e1eff
6203ec262177ad000ff81c15,PavloBarkhayev,Pavlo Barkhayev,21443,null,194,null,com.andmal.Ranks@306f16f3,com.andmal.CodeChallenges@702b8b12
56cf710fa4fcc16f1800171b,AcesOfGlory,,21406,,195,[python, javascript, c++],com.andmal.Ranks@22e357dc,com.andmal.CodeChallenges@49912c99
57c0e2dbdef38bd7110000e1,lilsweetcaligula,Caligula,21388,Ukraine,196,[pythonista, c, rubyist, javascript, scheme, clojure, ocaml],com.andmal.Ranks@10163d6,com.andmal.CodeChallenges@2dde1bff
5bddd82b75fad9daa700004f,daniloxxv,Danilo Soares,21367,Ironhack,197,[javascript, python, ruby, php, sql],com.andmal.Ranks@15bbf42f,com.andmal.CodeChallenges@550ee7e5
62506f2994e611000f7d5ae5,eighdreeuhn,true,21318,    false,198,[true],com.andmal.Ranks@5f9b2141,com.andmal.CodeChallenges@247d8ae
597e1bde1c4b109f090000e7,emgordon154,,21156,Grace Hopper 1710,199,[],com.andmal.Ranks@48974e45,com.andmal.CodeChallenges@6a84a97d
56f2eaeb75e340797f0012ed,fyvfyv,,21138,,200,[javascript, typescript],com.andmal.Ranks@6c130c45,com.andmal.CodeChallenges@50ad3bc1
625dae5f8f66eb001c7ef330,Krillan,,21072,,201,[],com.andmal.Ranks@223aa2f7,com.andmal.CodeChallenges@6d3a388c
5b2278f59212cb0cff000080,cliffstamp,null,21034,,202,null,com.andmal.Ranks@193f604a,com.andmal.CodeChallenges@20f5239f
588c51c08aafa9cf94000005,arhigod,Arseni Shynkarenka,20889,,203,[],com.andmal.Ranks@57af006c,com.andmal.CodeChallenges@6bedbc4d
53834c4640f287faf00005d7,Freywar,Freywar,20831,,204,[],com.andmal.Ranks@932bc4a,com.andmal.CodeChallenges@d29f28
56e40c9493c3d940e5000adb,Iron Fingers,null,20772,,205,null,com.andmal.Ranks@2fd1433e,com.andmal.CodeChallenges@29d89d5d
5b5492800fae954da0000060,Valefar,Automedon,20705,JavaScript machine,206,[javascript machine],com.andmal.Ranks@3514a4c0,com.andmal.CodeChallenges@212b5695
5ec800f87ba3f20033752f3a,gaziz,Gaziz Zhotabayev,20655,Redkite,207,[python, sql, power bi (dax)],com.andmal.Ranks@446293d,com.andmal.CodeChallenges@69997e9d
5a6d4db4373c2e8512000075,jaybruce1998,Jay Bruce,20522,George Mason University,208,[programming],com.andmal.Ranks@793be5ca,com.andmal.CodeChallenges@2df9b86
55e41499d7446d8793000125,hhelwich,Hendrik Helwich,20423,ip.labs GmbH,209,[],com.andmal.Ranks@37654521,com.andmal.CodeChallenges@15aab8c6
5c703b96f26cd349a7746dda,ozichukwu,Ozichukwu Chikwendu,20280,Self taught,210,[],com.andmal.Ranks@33990a0c,com.andmal.CodeChallenges@4de4b452
5a1e00fec9fc0ec0b900010f,bidouille,,20225,	Self taught,211,[],com.andmal.Ranks@50b5ac82,com.andmal.CodeChallenges@101952da
555b5790783b10833f00005a,kphurley,Kevin Hurley,20138,NextCapital,212,[javascript, java, c#, ruby],com.andmal.Ranks@6babf3bf,com.andmal.CodeChallenges@3059cbc
5449048fec342cbc4300053f,Brynx,Tom Arrell,20113,Studiofy,213,[python, javascript, nodejs, express, html, css],com.andmal.Ranks@7ea9e1e2,com.andmal.CodeChallenges@24fcf36f
533ffd91a4c5db2b3200055f,hencethus,Michael McCarthy,20095,null,214,[],com.andmal.Ranks@10feca44,com.andmal.CodeChallenges@3fb1549b
57e308758a8b8d8a0000070d,njohnson7,Nick Johnson,19934,Lark Health,215,[javascript, node, typescript, shell, linux, ruby, sql],com.andmal.Ranks@ea6147e,com.andmal.CodeChallenges@4d02f94e
5efe46bb784579001cfa66c9,Reargem,null,19911,null,216,null,com.andmal.Ranks@2b48a640,com.andmal.CodeChallenges@1e683a3e
56b89810f188767835000c95,evk,Eugene Kochurov,19875,PSI RAS,217,[],com.andmal.Ranks@2053d869,com.andmal.CodeChallenges@7a419da4
5ed0e1cdb3b2180022a51b26,mwk48,The worst 1 kyu,19728,Hong Kong,218,[],com.andmal.Ranks@14555e0a,com.andmal.CodeChallenges@4bb33f74
5920a0c2a364dd4035000054,hufftheweevil,Justin,19727,,219,[js, math, flying],com.andmal.Ranks@759d26fb,com.andmal.CodeChallenges@3c73951
5fe3ee1f615e17001917e521,YLDK,Yuri "Mamba" Levchuk,19645,Intelligent Models Plus,220,[],com.andmal.Ranks@3d5c822d,com.andmal.CodeChallenges@6f46426d
58bb92161bac89decf0000c9,accord75,,19568,,221,[],com.andmal.Ranks@73700b80,com.andmal.CodeChallenges@49c7b90e
5bfd3d59aef71261d1000255,michael_angelo,,19561,,222,[],com.andmal.Ranks@10d307f1,com.andmal.CodeChallenges@4d5b6aac
5e24a03af21380002aca91dd,el-f,E. Fine,19518,,223,[google-fu],com.andmal.Ranks@3e84448c,com.andmal.CodeChallenges@4a7f959b
551dafc3bf4e52911c00088b,jbarget,Justen Barget,19456,Founders & Coders,224,[],com.andmal.Ranks@429bffaa,com.andmal.CodeChallenges@5403f35f
58501e38ddf3481d98000012,TFeld,,19279,,225,[],com.andmal.Ranks@483f6d77,com.andmal.CodeChallenges@7e5afaa6
5339d6669a0e28a779000718,phatcabbage,Sean Salmon,19204,,226,[],com.andmal.Ranks@63a12c68,com.andmal.CodeChallenges@28f3b248
6011933e94dbf4001dc80e18,JasonBrack,null,19138,null,227,null,com.andmal.Ranks@1b1426f4,com.andmal.CodeChallenges@32b260fa
58bd82e2413ed786590000a8,HarrySlaughter,null,19106,,228,null,com.andmal.Ranks@581ac8a8,com.andmal.CodeChallenges@6d4e5011
5a4801ea80eba89dc30000a9,C-V,,19094,,229,[],com.andmal.Ranks@57d7f8ca,com.andmal.CodeChallenges@76c3e77a
5b1acc54dc1cc8babf00007a,StephanieCunnane,Stephanie Cunnane,19078,Launch School,230,[ruby, javascript],com.andmal.Ranks@78123e82,com.andmal.CodeChallenges@67c33749
5e37849b8a7bd90011c8eb83,0lexa,,19049,Ukraine,231,[],com.andmal.Ranks@fba92d3,com.andmal.CodeChallenges@662b4c69
54525e24c8e60bcd9f0014c5,anindyabd,Anindya Guha,19039,Colgate University,232,[python, django, haskell, c, java, sql],com.andmal.Ranks@fa49800,com.andmal.CodeChallenges@71238fc2
5894e57694fe99907b0000cc,sandalaphon,Richard PC,18971,CodeClan,233,[],com.andmal.Ranks@2a54a73f,com.andmal.CodeChallenges@16a0ee18
57a034ddcf1fa505fa0000d4,iamchingel,Sanket Ray,18914,Founders & Coders,234,[html5, css3, javacript],com.andmal.Ranks@3d6f0054,com.andmal.CodeChallenges@505fc5a4
528dc152cc451cc66d00074a,vferries,Vincent FERRIES,18904,Software Crafter Toulouse,235,[java, javascript, python, ruby, c++, qt],com.andmal.Ranks@5fbdfdcf,com.andmal.CodeChallenges@4efc180e
5edc97b64f3fb700104af47e,regacian,null,18876,null,236,null,com.andmal.Ranks@bd4dc25,com.andmal.CodeChallenges@25084a1e
5560f5f84e559c8fa3000046,ecolban,,18837,The League of Amazing Programmers,237,[],com.andmal.Ranks@156b88f5,com.andmal.CodeChallenges@3bf9ce3e
5505d60e08b86fc9980006d9,garrettguy457,Garrett Maring,18807,Apple,238,[javascript, swift, java],com.andmal.Ranks@16610890,com.andmal.CodeChallenges@71def8f8
58247b3d014f66c2c300250a,paulrichard,Paul Richard,18726,UTC Oxfordshire,239,[slow, dedicated learner],com.andmal.Ranks@383bfa16,com.andmal.CodeChallenges@4d465b11
587cab997233f1459e000b1e,Kartoffelsalat,null,18663,,240,null,com.andmal.Ranks@53fdffa1,com.andmal.CodeChallenges@5562c41e
558c5bed6b7f826bec000061,timp,,18609,,241,[],com.andmal.Ranks@32ee6fee,com.andmal.CodeChallenges@4d0f2471
5f0f000e28ca50002a213993,Gao-Jun,Gao Jun,18584,Fudan University,242,[],com.andmal.Ranks@7133da86,com.andmal.CodeChallenges@3232a28a
5b58731205f04b727f0000e8,vintrom,Roman Vintoniak,18522,,243,[],com.andmal.Ranks@73e22a3d,com.andmal.CodeChallenges@47faa49c
5576f76612dab0db30000032,nakulgupta18,nakul,18505,,244,[ruby],com.andmal.Ranks@28f2a10f,com.andmal.CodeChallenges@f736069
5d428e56eb8b59001e9d9e4c,dolamroth,Sergey Sayamov,18502,GitGud,245,[python, django, javascript],com.andmal.Ranks@6da21078,com.andmal.CodeChallenges@7fee8714
5a8590a2ba1bb5d22c00011f,awesomead,awesome A.D.,18496,null,246,null,com.andmal.Ranks@4229bb3f,com.andmal.CodeChallenges@56cdfb3b
5afad4483e971583b2000077,ilinovster,Ivan,18321,Ilinov,247,[],com.andmal.Ranks@2b91004a,com.andmal.CodeChallenges@20ccf40b
52703f29e2d0c9b6a90003ae,davazp,David V√°zquez,18317,,248,[lisp, python, javascript, mathematics],com.andmal.Ranks@2fb3536e,com.andmal.CodeChallenges@169e6180
594d3f92ba17a4e4e40000e6,YOSYA,Alex,18214,looking for a remote job ,249,[c++, javascript, pascal],com.andmal.Ranks@35aea049,com.andmal.CodeChallenges@7205765b
6070ae008c0349001b442773,myst-6,Boris,18188,Wilson's CS,250,[[ ]],com.andmal.Ranks@47987356,com.andmal.CodeChallenges@22ef9844
627bc407b1e37b000fd6ab48,”ú–Ø‚Ñ±”Å‚Ñí·öπ,,18179,,251,[],com.andmal.Ranks@6283d8b8,com.andmal.CodeChallenges@3b6ddd1d
565d6f41d2c3743f66000029,silentZaika,,18151,UT,252,[],com.andmal.Ranks@3f6b0be5,com.andmal.CodeChallenges@611889f4
5256849ecb6ac88d3400065a,jnicol,,18141,,253,[],com.andmal.Ranks@1da2cb77,com.andmal.CodeChallenges@48f278eb
58242c0b7a8cb30043000e5e,Torkel,Torkel,18078,Shortcut,254,[o.o],com.andmal.Ranks@2f217633,com.andmal.CodeChallenges@a530d0a
558d90e9c2fd0f742f000064,debri,Rittam Debnath,18043,,255,[javascript, python],com.andmal.Ranks@1a18644,com.andmal.CodeChallenges@5acf93bb
59d4df1472851ef96f00011e,tmxk,,17989,,256,[],com.andmal.Ranks@7e7be63f,com.andmal.CodeChallenges@6cd28fa7
5dd4f8cd10b5e1001619d589,Hidekazu Kanaya,,17969,,257,[],com.andmal.Ranks@614ca7df,com.andmal.CodeChallenges@4738a206
622c88b2848dbd0030b8180d,benjaminzwhite,,17934,,258,[],com.andmal.Ranks@66d3eec0,com.andmal.CodeChallenges@1e04fa0a
56a9ceb4b9247ceb93000073,lymanchou,null,17813,NBHS,259,null,com.andmal.Ranks@1af2d44a,com.andmal.CodeChallenges@18d87d80
58eef695b08e246b16000030,kingcobra,,17801,Universit√© Laval,260,[],com.andmal.Ranks@618425b5,com.andmal.CodeChallenges@58695725
5eca2f261dbe7e0012d3d83f,Djacon,Djacon,17672,Djacon,261,[undefined],com.andmal.Ranks@543588e6,com.andmal.CodeChallenges@f5acb9d
5eca31b15864da002d559ec5,Mihail_Onuchin,Mihail Onuchin,17463,Novosibirsk, Russia,262,["talk is cheap. show me the code." ~ linus torvalds  üì∫],com.andmal.Ranks@4fb3ee4e,com.andmal.CodeChallenges@5d7148e2
5ed805c4231c7a001adf5b4b,Rud1,Rudi Halbeher,17452,,263,[],com.andmal.Ranks@25fb8912,com.andmal.CodeChallenges@7c24b813
57eaf2d1af8c088e2c000024,Maciek58,Maciek,17290,POSTECH,264,[],com.andmal.Ranks@2c35e847,com.andmal.CodeChallenges@7bd4937b
5d4dbaf4ac9dd500272630e0,Etoneja,Mikhail Zanozin,17283,1336,265,[],com.andmal.Ranks@21e360a,com.andmal.CodeChallenges@5ba3f27a
601f1ef945c93a002c955107,jrom99,,17267,,266,[python, gui, scripts],com.andmal.Ranks@58d75e99,com.andmal.CodeChallenges@74751b3
53a1d9cc3792313998000012,MRodalgaard,Martin R,17234,,267,[],com.andmal.Ranks@741a8937,com.andmal.CodeChallenges@306e95ec
52ea969ecf476b78eb0004b7,surtich,Javier P√©rez Arteaga,17219,IES Zayas,  IGZ,268,[javascript, node, mongodb, java, jee, linux],com.andmal.Ranks@52af26ee,com.andmal.CodeChallenges@6fd83fc1
57758fbef656b74e5b000030,Goncalerta,Pedro Gon√ßalo Correia,17154,,269,[],com.andmal.Ranks@4f2b503c,com.andmal.CodeChallenges@bae7dc0
5d8cd39a1b339900296f23da,Kees de Vreugd,null,17144,null,270,null,com.andmal.Ranks@209da20d,com.andmal.CodeChallenges@e15b7e8
5a83d152fd8c067f6400000f,a29813287,,17142,,271,[],com.andmal.Ranks@1b2abca6,com.andmal.CodeChallenges@6392827e
55244ef3c8f502acbc0015a9,ITSOES,,17122,Dteam,272,[],com.andmal.Ranks@2ed2d9cb,com.andmal.CodeChallenges@d5b810e
5a539ae2880385c0e80007db,a.kozhanov,Alexander,17117,,273,[c#, python, javascript],com.andmal.Ranks@43dac38f,com.andmal.CodeChallenges@342c38f8
5d0d6e42ac68b8001739aab6,paul2,Paul,17097,üíõüíô,274,[],com.andmal.Ranks@c88a337,com.andmal.CodeChallenges@5d0a1059
60f2a531539c06000eecd7d7,alxappi,Aleksandr Pavlov,16913,Samara State University,275,[],com.andmal.Ranks@485966cc,com.andmal.CodeChallenges@1de76cc7
56b27652b849f6d10b000017,twypsy,,16889,,276,[],com.andmal.Ranks@54bff557,com.andmal.CodeChallenges@593aaf41
5363e8fe164bed949d0010f9,yaphi1,,16882,null,277,[html, css, javascript],com.andmal.Ranks@5a56cdac,com.andmal.CodeChallenges@7c711375
5f43c6fd18330d00150fb16e,Tid3hunt3r,,16872,,278,[],com.andmal.Ranks@57cf54e1,com.andmal.CodeChallenges@5b03b9fe
5698fe8ff98a0e9ec0000017,stevehopkinson,Steve Hopkinson,16658,Founders & Coders,279,[javascript, python, full-stack web development],com.andmal.Ranks@37d4349f,com.andmal.CodeChallenges@434a63ab
55fff33c708ca55bd8000031,gkucmierz,Grzegorz Kucmierz,16653,,280,[analytical thinking],com.andmal.Ranks@6e0f5f7f,com.andmal.CodeChallenges@2805d709
5e609e7430e9d00014d6b9b5,bornForThis,Dmytro,16557,https://www.youtube.com/watch?v=aJ5IzGBnWAc,281,[],com.andmal.Ranks@3ee37e5a,com.andmal.CodeChallenges@2ea41516
52f49a38e248df17630001c4,baaart,,16449,HackArt,282,[ruby, rails, sinatra, javascript, reactjs, emberjs, python, elixir],com.andmal.Ranks@3a44431a,com.andmal.CodeChallenges@3c7f66c4
515b51273de753db28000056,constablebrew,Michael Brewer,16445,,283,[javascript, vba, sql, assembly, c++, php, coffeescript],com.andmal.Ranks@194bcebf,com.andmal.CodeChallenges@17497425
597c5dc22d97a447d5000019,KataSideKick,,16403,Gensokyo,284,[],com.andmal.Ranks@f0da945,com.andmal.CodeChallenges@4803b726
589a1429feb04522cf000128,Madjosz,,16388,Optimax Energy,285,[],com.andmal.Ranks@ffaa6af,com.andmal.CodeChallenges@53ce1329
577d1c7e7a3dbd9fde000295,riyakayal,,16382,University of Calcutta,286,[],com.andmal.Ranks@316bcf94,com.andmal.CodeChallenges@6404f418
554c91c5e466e72c0700005c,Joz,Alex Joz,16303,Yakimbee,287,[python],com.andmal.Ranks@3e11f9e9,com.andmal.CodeChallenges@1de5f259
5e3aa917a5b6a8001aa0fc53,Aristoteles,null,16298,null,288,null,com.andmal.Ranks@729d991e,com.andmal.CodeChallenges@31fa1761
5c86b6aeacf4892e4634988c,DavidSampson,David Sampson,16255,Siemens PLM,289,null,com.andmal.Ranks@957e06,com.andmal.CodeChallenges@32502377
5c4f90c0e3d0fb77fd665c77,andrewpahl1,,16237,,290,[],com.andmal.Ranks@2c1b194a,com.andmal.CodeChallenges@4dbb42b7
5b858f1e922e16fda90001f7,xavierguihot,Xavier GUIHOT,16212,,291,[scala, mongodb, python],com.andmal.Ranks@66f57048,com.andmal.CodeChallenges@550dbc7a
59f8c0d9ba2a142f3e00001c,alextv9,null,16159,,292,null,com.andmal.Ranks@21282ed8,com.andmal.CodeChallenges@36916eb0
58343130565e1280370001de,@m1ll,AMO,16136,,293,[],com.andmal.Ranks@7bab3f1a,com.andmal.CodeChallenges@437da279
5e6a487f1518d90023fb2621,lsnbr,lsnbr,16133,B√§rentreff,294,[],com.andmal.Ranks@23c30a20,com.andmal.CodeChallenges@1e1a0406
59a59458d0a5ff6d3000000d,Darshan97,Darshan,16090,,295,[],com.andmal.Ranks@3cebbb30,com.andmal.CodeChallenges@12aba8be
566a040746d168c6ce000031,Swolebrain,,16033,Florida Vocational Institute,296,[],com.andmal.Ranks@290222c1,com.andmal.CodeChallenges@67f639d3
5e19d3e29e669900317eea6f,LaurentBouvier,Laurent Bouvier,16012,F. Hoffmann La Roche AG, Switzerland,297,[],com.andmal.Ranks@6253c26,com.andmal.CodeChallenges@49049a04
568327179ca5a9ddb3000027,Milford,,15978,,298,[],com.andmal.Ranks@71a8adcf,com.andmal.CodeChallenges@27462a88
5e0628e72964c800326a9bdf,LorenzoRN76,Lorenzo Meroni,15833,def looking_for_abs(Truth):,299,[],com.andmal.Ranks@82de64a,com.andmal.CodeChallenges@659499f1
5836dd5daa67177f360009c0,CoderWithoutClue,,15801,,300,[],com.andmal.Ranks@51e69659,com.andmal.CodeChallenges@47e2e487
58fcbac733808784ca00005d,ethaning,Ethan,15798,o --- SpeedySnooky --- o,301,[],com.andmal.Ranks@201a4587,com.andmal.CodeChallenges@61001b64
59103de70de2ec2c2700015f,TadasK,Tadas Kundelis,15757,,302,[javascript, c#, asp.net, sql],com.andmal.Ranks@4310d43,com.andmal.CodeChallenges@54a7079e
5e1803736e90db00312ca987,devdinho,Diego Figueir√™do,15722,Trybe Students,303,[python, javascript, reactjs, css3, html5, mongodb, mysql, regex],com.andmal.Ranks@26e356f0,com.andmal.CodeChallenges@47d9a273
5da857f38c74f8f154c35239,yrprth,,15720,,304,[],com.andmal.Ranks@4b8ee4de,com.andmal.CodeChallenges@27f981c6
5d65c5abe55e6300199180ff,hanwenzhu,Thomas Zhu,15696,,305,[sleep],com.andmal.Ranks@1b11171f,com.andmal.CodeChallenges@1151e434
581eb6e05f59408a270001e3,weliketocode,Kyle,15591,null,306,[],com.andmal.Ranks@2dc54ad4,com.andmal.CodeChallenges@4659191b
591c16c6b873a706dd000071,yurii_karabas,Yurii Karabas,15489,NU LP,307,[c/c++, java, javascript, python],com.andmal.Ranks@55634720,com.andmal.CodeChallenges@4b0d79fc
549dc211c36a02ed68000c74,btaitelb,Ben Taitelbaum,15449,Coshx Labs,308,[],com.andmal.Ranks@4c1909a3,com.andmal.CodeChallenges@428640fa
5280d8032687a6af33000a07,ankr,Andreas K,15421,,309,[],com.andmal.Ranks@d9345cd,com.andmal.CodeChallenges@2d710f1a
551e5f9d24b7a463440000ae,Unihedron,Unihedron,15418,Unary, Stack Exchange,310,[discord: uni‚òÜ#3999 (u in caps)],com.andmal.Ranks@29215f06,com.andmal.CodeChallenges@59505b48
5496138bbecf8afbea0003e4,javafreak,,15318,,311,[],com.andmal.Ranks@4efac082,com.andmal.CodeChallenges@6bd61f98
60935a6b86cfa90031c4c781,coolstar10,null,15316,null,312,null,com.andmal.Ranks@48aca48b,com.andmal.CodeChallenges@13fd2ccd
604769b4aaf2fd0019fcafc9,farhanaditya,Farhan,15214, ,313,[javascript],com.andmal.Ranks@b9b00e0,com.andmal.CodeChallenges@506ae4d4
5cdb0023965f9700207c8cf5,Arya_Poddar,,15192,SAKA,314,[],com.andmal.Ranks@7d4f9aae,com.andmal.CodeChallenges@72e5a8e
5ee230fd0c3f31002d1fcbdf,rge123,,15156,,315,[],com.andmal.Ranks@54e1c68b,com.andmal.CodeChallenges@53aac487
5e146d314dfa4d002d44015c,Nima155,Nima,15142,,316,[over_complicating _things],com.andmal.Ranks@52b1beb6,com.andmal.CodeChallenges@273e7444
563c81c5bedcc0f5a6000086,VadimPopov,Vadim Popov,15124,,317,[python],com.andmal.Ranks@7db12bb6,com.andmal.CodeChallenges@783a467b
5dd99ba0ec5449003114ae6b,Shinbatsu,Andrew,15121,–ì.–†.–Ø.–ó.–¨,318,[python, js, ts, php, c++, haskell, dart, go, sql, linux, masm, react, django],com.andmal.Ranks@272113c4,com.andmal.CodeChallenges@73e9cf30
56671f8f64e2fb3cc0000029,iskoch,,15082,MRI Software,319,[],com.andmal.Ranks@771a660,com.andmal.CodeChallenges@2d52216b
58c67a91e61cd9ab7b00017c,mxdmg,null,15062,,320,null,com.andmal.Ranks@242b836,com.andmal.CodeChallenges@3f6f6701
55e817832dd3c8e58b000073,0xjvg,Juan Villamizar,15014,Cypherblock,321,[python, javascript, rust, go],com.andmal.Ranks@3527942a,com.andmal.CodeChallenges@942a29c
5f307c3d92641800163549f8,IevgenT,Eugen,14987,,322,[],com.andmal.Ranks@1ed6388a,com.andmal.CodeChallenges@5a45133e
544e8d08908f2da5b3000845,zvytas,,14958,Zopa,323,[],com.andmal.Ranks@534a5a98,com.andmal.CodeChallenges@4f80542f
53b1981ab9872782d400074a,XxxX88,Filip Madejek,14941,null,324,[],com.andmal.Ranks@60bd273d,com.andmal.CodeChallenges@121314f7
55dcadf4a40b6052e7000030,LesRamer,Les Ramer,14939,,325,[math, oop, fp],com.andmal.Ranks@130c12b7,com.andmal.CodeChallenges@5e600dd5
521b9d336f5f7ca455000317,stevenbarragan,Steven,14908,,326,[],com.andmal.Ranks@576d5deb,com.andmal.CodeChallenges@5d534f5d
54af2f57032c6649cc0015c2,chute,chute,14892,,327,[],com.andmal.Ranks@2e3967ea,com.andmal.CodeChallenges@70e9c95d
5768d907977245e20a001bc5,narayanswa30663,,14851,,328,[],com.andmal.Ranks@4d5650ae,com.andmal.CodeChallenges@a38c7fe
5f679db8a2cce5002eadc609,__eloise__,,14737,,329,[],com.andmal.Ranks@6fdbe764,com.andmal.CodeChallenges@51c668e3
53ad37c93666d701f0000a7c,myTerminal,Mohammed Ismail Ansari,14717,team.fluxion,330,[html, css, javascript, vb, c#, lisp],com.andmal.Ranks@2e6a8155,com.andmal.CodeChallenges@6221a451
62de1c88aa60a62727c8dec3,Sett11,–ò–≤–∞–Ω,14680,null,331,null,com.andmal.Ranks@52719fb6,com.andmal.CodeChallenges@3012646b
56d74cda736bd0b9ac00155a,ParanoidUser,ParanoidUser,14652,üè¥‚Äç‚ò†Ô∏è,332,[],com.andmal.Ranks@4a883b15,com.andmal.CodeChallenges@25641d39
5510874eaacf80a97d0003de,CIS 122,Marc Goodman,14650,Portland Community College,333,[],com.andmal.Ranks@7b36aa0c,com.andmal.CodeChallenges@5824a83d
608f22f0ae07890047c32466,sj95126,,14643,,334,[],com.andmal.Ranks@537f60bf,com.andmal.CodeChallenges@5677323c
5e3224a0806e340031ddc414,BitemNet,Marek Bladowski,14594,I'm looking for a job.,335,[python, django, c++, html, css, javascript, angular, machine learning],com.andmal.Ranks@18df8434,com.andmal.CodeChallenges@65c7a252
53dac804ce5f44adf7000533,davidRa,David Ra,14529,,336,[],com.andmal.Ranks@4d154ccd,com.andmal.CodeChallenges@229c6181
5acf63a93a33e6116b0001d4,dgarceau1,null,14483,,337,null,com.andmal.Ranks@4686afc2,com.andmal.CodeChallenges@1e0b4072
549885be66720b2c4100018d,FrankK,Frank Kieft,14482,,338,[c#, python, f#, js],com.andmal.Ranks@791f145a,com.andmal.CodeChallenges@38cee291
614331b7beeca70027393f23,AleriX,,14473,,339,[],com.andmal.Ranks@4b45a2f5,com.andmal.CodeChallenges@f09733f
5588311088b3d7966000001f,Yanzhan,Yanzhan,14457,https://yangyanzhan.github.io/,340,[c++, raku, python, javascript],com.andmal.Ranks@e350b40,com.andmal.CodeChallenges@41a0aa7d
50a454b1cbb2144be50003ed,sandbochs,Elliot Shiu,14360,Lanetix,341,[javascript, ruby, node, angularjs, rails],com.andmal.Ranks@2794eab6,com.andmal.CodeChallenges@6340e5f0
6264c104d13ea6146b0660df,Mubashir Hassan,Mubashir Hassan,14344,FAST, Lahore, Pakistan üáµüá∞ ,342,[python, c++, sql, matlab],com.andmal.Ranks@45099dd3,com.andmal.CodeChallenges@13e344d
57e7c78a7fbcc90482000b93,mmalkavian,mmalkavian,14305,,343,[],com.andmal.Ranks@1ffaf86,com.andmal.CodeChallenges@6574a52c
5b9de8f988d44a7ca60000c9,seger,,14292,,344,[],com.andmal.Ranks@6c1a5b54,com.andmal.CodeChallenges@1c7696c6
5b17d220787e35d72d000017,dileader,,14143,Fast - it's slowly but consistently,345,[],com.andmal.Ranks@60099951,com.andmal.CodeChallenges@20140db9
5531640651262cc54d0000b6,kolohelios,Jon Edwards,14139,Buddy Technologies,346,[javascript, html, css, jquery, angularjs, node.js, php, python],com.andmal.Ranks@1e6a3214,com.andmal.CodeChallenges@368247b9
5ca3c8dc86eed5001c1f831c,asltyn,null,14013,null,347,null,com.andmal.Ranks@1a6d8329,com.andmal.CodeChallenges@1a942c18
543fb62a6b36113d18000fcb,kwy95,Rubens Gomes Neto,13950,USP,348,[],com.andmal.Ranks@55a147cc,com.andmal.CodeChallenges@71ba6d4e
5d4d276e411314002126992e,jeongs,null,13882,null,349,null,com.andmal.Ranks@738dc9b,com.andmal.CodeChallenges@3c77d488
50a452853e728d4559000744,sahglie,,13827,null,350,[ruby, java, python, javascript],com.andmal.Ranks@63376bed,com.andmal.CodeChallenges@4145bad8
5e5d5e21deea2400334a7688,a.vadim,,13803,,351,[],com.andmal.Ranks@d86a6f,com.andmal.CodeChallenges@2892d68
5fa31b895ad3d0000f03d3d8,Marty3000,,13797,still a jobless Newbie,352,[unix, databases],com.andmal.Ranks@5ab956d7,com.andmal.CodeChallenges@3646a422
58eb267613d673a1be00004e,dev26th,null,13797,null,352,null,com.andmal.Ranks@750e2b97,com.andmal.CodeChallenges@3e27aa33
5dd8469e2f5d1a001e06c958,foudre24,,13791,,354,[],com.andmal.Ranks@2e385cce,com.andmal.CodeChallenges@2ddc9a9f
57f1b0dc1b54324ba3000143,grace555,Anne-Marie Ciza AGHANZE,13763,,355,[],com.andmal.Ranks@298a5e20,com.andmal.CodeChallenges@2a7f1f10
57fc8b58be6b1d05060014ea,crataegus,,13696,,356,[],com.andmal.Ranks@46cdf8bd,com.andmal.CodeChallenges@f0c8a99
54f8aa8aa58bce517b000de0,shums16,Scotty,13687,,357,[javascript],com.andmal.Ranks@740cae06,com.andmal.CodeChallenges@26d9b808
5b2747e2d74b5b3048000036,silentsoul,Razinsky Vladimir,13639,,358,[],com.andmal.Ranks@f78a47e,com.andmal.CodeChallenges@644baf4a
57fbb6b63206fb7df7000479,cyril-lemaire,Alshock,13582,42,359,[],com.andmal.Ranks@7526515b,com.andmal.CodeChallenges@1ed4ae0f
5e176ba0c21880002594cae4,mingmingrr,,13576,,360,[],com.andmal.Ranks@54c5a2ff,com.andmal.CodeChallenges@6d4d66d2
58c698936646c7ea5b000078,Spherixo,,13555,,361,[],com.andmal.Ranks@2a265ea9,com.andmal.CodeChallenges@11392934
5c43056e815d8d574e00ca76,Konstantin Modin,Konstantin Modin,13519,modin.us,362,[],com.andmal.Ranks@6892b3b6,com.andmal.CodeChallenges@6e6f2380
5b07b67d7fb21774200000ed,7097511,null,13508,hobby,363,null,com.andmal.Ranks@76a4ebf2,com.andmal.CodeChallenges@2e8c1c9b
5a1aaebcc9fc0e53a900003a,deladan,Isa,13503,MITx,364,[],com.andmal.Ranks@53fe15ff,com.andmal.CodeChallenges@449a4f23
5eef71d9fa399100328d69e5,lirilant,,13468,Staria 2,365,[],com.andmal.Ranks@1530c739,com.andmal.CodeChallenges@5b1669c0
57ffb9c59191271d7f000a2b,kkavita92,Kavita Kalaichelvan,13466,Makers Academy,366,[],com.andmal.Ranks@78e4deb0,com.andmal.CodeChallenges@6e9175d8
5a40d217b6486ad1e600007a,metalim,Maksim Litvinov,13435,Memo O√ú,367,[go, python, coffeescript, javascript, webgl, former skills: c++, php],com.andmal.Ranks@7d0b7e3c,com.andmal.CodeChallenges@15bb5034
577113fa676b0d1142000c13,glynester,Glenn Bemont,13418,,368,[],com.andmal.Ranks@4b741d6d,com.andmal.CodeChallenges@2eae8e6e
5b572ab9beb865985b00007d,phildinius,,13358,,369,[],com.andmal.Ranks@8f2ef19,com.andmal.CodeChallenges@470734c3
58c13475e7f457898f00001b,mitron6,,13356,,370,[],com.andmal.Ranks@2cf3d63b,com.andmal.CodeChallenges@7674f035
54242a3448306f1c5d000d13,nickie,Nikolaos S. Papaspyrou,13340,National Technical University of Athens,371,[white and dark magic, mostly],com.andmal.Ranks@69e153c5,com.andmal.CodeChallenges@173ed316
567be5ca34e5106def000043,crazyYuyang,Gong,13338,Jiujiang university,372,[html css javascript],com.andmal.Ranks@25ce9dc4,com.andmal.CodeChallenges@74ea2410
589dee64d8bf9d316c0000bc,azvm,Mikhail,13297,Elinext,373,[c#/.net, html, css, js, python, sql],com.andmal.Ranks@17f62e33,com.andmal.CodeChallenges@76b1e9b8
5e87a41774d59b0032a1abe5,Schulzkafer,,13278,Cersei Lannister,374,[react, mysql, node express, java],com.andmal.Ranks@27406a17,com.andmal.CodeChallenges@2af004b
56cd863c393e90c21a000866,stackcats,,13270,stackcats,375,[c, node, python, golang, haskell, common lisp],com.andmal.Ranks@248e319b,com.andmal.CodeChallenges@5d0bf09b
5405cf18c8a322ecbc000a66,kirilloid,Kirill Sukhomlin,13234,Deutsche Bank,376,[js, php, haskell, java, scala, ruby, python],com.andmal.Ranks@793f29ff,com.andmal.CodeChallenges@3e8c3cb
54db888f03e88a6691000adf,torret,,13205,,377,[],com.andmal.Ranks@563f38c4,com.andmal.CodeChallenges@543295b0
56e95fc1f6c7218f7f000a69,PaulCalvelage,Paul Calvelage,13201,,378,[],com.andmal.Ranks@54422e18,com.andmal.CodeChallenges@117159c0
60868878fdfce8004395a9eb,koba1996,B√°lint Koz√°ri,13147,Codecool,379,[],com.andmal.Ranks@3e27ba32,com.andmal.CodeChallenges@7ef82753
56b4c9fe94b89f1465000045,Micromind,,13130,,380,[python],com.andmal.Ranks@3b0fe47a,com.andmal.CodeChallenges@202b0582
5831f0fd1e32eb172a0000d1,buttonupbub,,13121,,381,[groovy dance moves],com.andmal.Ranks@235ecd9f,com.andmal.CodeChallenges@1ca3b418
5c4e6ded3cf18546515bdcd9,jebreen,null,13110,null,382,null,com.andmal.Ranks@58cbafc2,com.andmal.CodeChallenges@2034b64c
5a32e770b6cfd7888400001e,undur_gongor,,13069,,383,[],com.andmal.Ranks@75d3a5e0,com.andmal.CodeChallenges@74d1dc36
5bf98e7a0934aa8f45000133,vkarav76,null,13049,Forest,384,null,com.andmal.Ranks@7161d8d1,com.andmal.CodeChallenges@74e28667
5b23aa8f9e40b985260000e6,vadim_ni,vadim_ni,13040,,385,[],com.andmal.Ranks@1cf6d1be,com.andmal.CodeChallenges@663c9e7a
52f61e207c461d8297000352,phaul,Paul Sonkoly,12975,hup.hu,386,[sailing],com.andmal.Ranks@19e4653c,com.andmal.CodeChallenges@795509d9
5d8fc4cfd1d1290019cf30e2,B4rrCH,null,12972,null,387,null,com.andmal.Ranks@53045c6c,com.andmal.CodeChallenges@5149d738
53eb0c982b2b2d823800016d,tiriana,phantombit,12958,omnigame,388,[javascript, react, node, php, java, groovy],com.andmal.Ranks@6bbe85a8,com.andmal.CodeChallenges@3a7442c7
5cde960ed1487200115ccd69,Paul Robertson,null,12930,null,389,null,com.andmal.Ranks@4be29ed9,com.andmal.CodeChallenges@548d708a
5e10b207ecd9c2001d504890,thornejosh,,12924,,390,[],com.andmal.Ranks@4b013c76,com.andmal.CodeChallenges@53fb3dab
598b2861bcfe2fd4c6000022,MMortaga,null,12893,IUG,391,null,com.andmal.Ranks@cb0755b,com.andmal.CodeChallenges@33065d67
52ab964522e82a9282000def,ogryzek,drew,12879,CodeCore,392,[],com.andmal.Ranks@712625fd,com.andmal.CodeChallenges@7bba5817
548b1f7b513505a1f7000b07,c0nspiracy,Robert Newbould,12864,FreeAgent,393,[],com.andmal.Ranks@742ff096,com.andmal.CodeChallenges@75437611
5f0330a86a233b001fa31be5,lklkleo,,12839,,394,[],com.andmal.Ranks@350aac89,com.andmal.CodeChallenges@1c5920df
5bdb4795616908a26e00011d,Orses,JPCB,12836,,395,[],com.andmal.Ranks@17f9d882,com.andmal.CodeChallenges@79e4c792
54f71fab5133755f40000dfe,JStegg,,12833,,396,[],com.andmal.Ranks@196a42c3,com.andmal.CodeChallenges@4c60d6e9
59a7588c589d2a729e00002b,clcraig,,12830,,397,[],com.andmal.Ranks@15043a2f,com.andmal.CodeChallenges@4a83a74a
579b530e7cb1f3c6fd00014a,TehOrange,null,12787,null,398,[],com.andmal.Ranks@1349883,com.andmal.CodeChallenges@4b29d1d2
53752a8b2993de412600183b,hiasen,√òystein Hi√•sen,12779,null,399,[],com.andmal.Ranks@7f485fda,com.andmal.CodeChallenges@28261e8e
527149eb8b785fc99d00043b,frenetic_be,frenetic_be,12762,frenetic.be,400,[html, css, javascript, php, mysql, python, idl, matlab],com.andmal.Ranks@d737b89,com.andmal.CodeChallenges@8519cb4
581c361dcc9799df030001b9,cesare63,null,12750,,401,null,com.andmal.Ranks@35dab4eb,com.andmal.CodeChallenges@2d901eb0
50bdd0fb35c2f7cbc7000037,hakt,Clayton Fletcher,12724,null,402,[c# and javascript],com.andmal.Ranks@3ba987b8,com.andmal.CodeChallenges@3f191845
5b9963cd83c250777c00009b,stellartux,Danny Robinson,12716,,403,[],com.andmal.Ranks@5f049ea1,com.andmal.CodeChallenges@72cc7e6f
57505eab7d27e551290000a5,Belax8,Chase,12711,,404,[javascript],com.andmal.Ranks@5afa3c9,com.andmal.CodeChallenges@72035809
588ef117baef775356000063,chainsaw-maniac,Marc Q,12704,STMicroelectronics, Maniacs,406,[model-driven software development, enterprise information systems],com.andmal.Ranks@909217e,com.andmal.CodeChallenges@18271936
5bac82cbe0a4920c5b000029,Wojciech Gaudnik,wojciechGaudnik,12690,www.dhc-vision.com,406,[java, c#, python, js, c],com.andmal.Ranks@606e4010,com.andmal.CodeChallenges@8458f04
61041472e8093e003d5c4537,seniorCrutchDeveloper,,12809,,398,[],com.andmal.Ranks@48075da3,com.andmal.CodeChallenges@68c9133c
53a7de70b2fc780d0c00038e,marutiborker,Maruti Borker,12633,Vauntz.com,408,null,com.andmal.Ranks@7a35b0f5,com.andmal.CodeChallenges@5e2c3d18
5afd8a1968e64489d5000207,joshra,,12621,,409,[],com.andmal.Ranks@2cb4893b,com.andmal.CodeChallenges@cc43f62
51d441ae4aab6bf7010009d6,nklein,Patrick Stein,12620,nklein software,410,[lisp, c++, javascript, math],com.andmal.Ranks@5b218417,com.andmal.CodeChallenges@645aa696
5257ade1e6925d48720010fc,ssineriz,Jacques Sineriz,12558,null,411,[c??, java, js, tsql, xslt, python, haskell, php, rps],com.andmal.Ranks@6caf0677,com.andmal.CodeChallenges@413d1baf
56fc9ea776aebc679f000060,kjmosher,Ken Mosher,12527,RRAMAC,412,[python, c, c++, svn, tcp/ip],com.andmal.Ranks@16eb3ea3,com.andmal.CodeChallenges@273444fe
527e14e81909e3131e00077e,rbaumier,Romain Baumier,12497,,413,[],com.andmal.Ranks@33bc72d1,com.andmal.CodeChallenges@1a75e76a
5447d796a581918a31000ecd,knotman90,Davide,12445,University of Calabria,414,[],com.andmal.Ranks@5524cca1,com.andmal.CodeChallenges@5032714f
5888e745a152dbed39000020,nagaiyoru,,12440,,415,[],com.andmal.Ranks@48bb62,com.andmal.CodeChallenges@353352b6
59e37fb027ee00769c0000eb,Dima806,Dmytro Iakubovskyi,12429,Maersk,416,[],com.andmal.Ranks@4681c175,com.andmal.CodeChallenges@57a78e3
5ba4f570ea3fc238820001ba,Evokoo,Evan ,12420,,417,[],com.andmal.Ranks@402c4085,com.andmal.CodeChallenges@6fa51cd4
5e3444911b718e001494c634,Hana1989,Hana,12410,,418,[],com.andmal.Ranks@2767e23c,com.andmal.CodeChallenges@710c2b53
6088bfbf4865f70034b4ef27,keithdoherty,null,12408,null,419,null,com.andmal.Ranks@5386659f,com.andmal.CodeChallenges@14028087
5848503bcdf5975252000107,Axure,Hu Zheng,12365,Gensokyo,420,[web development],com.andmal.Ranks@cecf639,com.andmal.CodeChallenges@1caa0244
5c5d10905a40bc00089ecce5,k_sh_2011,Kostiantyn Shevel,12353,,421,[],com.andmal.Ranks@7ce026d3,com.andmal.CodeChallenges@7ce69770
601e970945c93a000e935768,CoderedCoerced,null,12344,null,422,null,com.andmal.Ranks@1750fbeb,com.andmal.CodeChallenges@5b247367
5350fa4f23a529138d0006f0,Logan,Pawe≈Ç Wo≈Çoszyn,12298,UEK,423,[],com.andmal.Ranks@268f106e,com.andmal.CodeChallenges@6e9a5ed8
5347f38afa65e948410005ca,krikus,,12260,Digifist,424,[],com.andmal.Ranks@7e057f43,com.andmal.CodeChallenges@6c284af
61c9da4055ded8003a992c6c,VladLozynskyi,Vlad Lozynskyi,12209,Ivano-Frankivsk National Technical University of Oil and Gas, Ukraine,425,[php, mysql, ruby, ruby on rails, html5, css3, git],com.andmal.Ranks@5890e879,com.andmal.CodeChallenges@6440112d
577588b934cccd153000050a,A-Z,AZ,12187,,426,[],com.andmal.Ranks@31ea9581,com.andmal.CodeChallenges@231f98ef
5ab4c599379d2028840000dc,macnick,Nick Haras,12111,Microverse,427,[javascript, react, ruby, rails, sql, html5, css3, jest, rspec],com.andmal.Ranks@7c137fd5,com.andmal.CodeChallenges@183ec003
55a2e16a88b93c539900001b,JDeBolt,Jason DeBolt,12042,,428,[swift, javascript, python, c],com.andmal.Ranks@7d9d0818,com.andmal.CodeChallenges@221a3fa4
555b7ef562319258dc00008c,Alpri Else,AlpriElse,12024,Maine South High School,429,[print ["blaming the compiler for my errors", "creating infinite while loops", "forgetting semicolons", "excessively raging in league of legends", "basket weaving"] + list(self.uselessskills)],com.andmal.Ranks@451001e5,com.andmal.CodeChallenges@2b40ff9c
55c3827ace0668d5a5000057,NateBrady23,Nate,12014,Evermore,430,[javascript, php, ruby, python],com.andmal.Ranks@3e08ff24,com.andmal.CodeChallenges@4d1c005e
546073785bff82de6e000e5d,ysurilov,Yaroslav Surilov,12008,„ÉΩ(„ÄÇ_¬∞)„Éé,431,[‚ñà‚ñà‚ñà‚ñí‚ñí‚ñí‚ñí‚ñí‚ñí‚ñí],com.andmal.Ranks@8462f31,com.andmal.CodeChallenges@24569dba
5ab4eb6493a604de000000f3,DarkD1,Sazzad Hossain,11984,bKash Limited,432,[],com.andmal.Ranks@5ddeb7cb,com.andmal.CodeChallenges@70ed52de
5df685d61f177f00142a060a,readerboy7,,11948,,433,[],com.andmal.Ranks@496bc455,com.andmal.CodeChallenges@59402b8f
5797e9c54be912707400083b,fredg124,,11938,,434,[],com.andmal.Ranks@7188af83,com.andmal.CodeChallenges@6be968ce
61459234b117f50007aac3f8,utoppia,utoppia,11930,,435,[],com.andmal.Ranks@7c37508a,com.andmal.CodeChallenges@247310d0
52575494324985db6b0001ad,Kerrick,null,11903,null,436,null,com.andmal.Ranks@1033576a,com.andmal.CodeChallenges@303cf2ba
54d1c22811b05ba437000950,jgdodson,Jordan Dodson,11898,jgdodson.com,437,[javascript, node, react, python, backend, machine learning],com.andmal.Ranks@76494737,com.andmal.CodeChallenges@4a003cbe
5e692a7d024d82000f615f18,zLuki,Lukas,11891,PK-Sterzing,438,[everything],com.andmal.Ranks@4082ba93,com.andmal.CodeChallenges@17fc391b
55f7234f8cb4e786b2000014,appsincaps,,11882,,439,[javascript, java, coffeescript, python],com.andmal.Ranks@2b30a42c,com.andmal.CodeChallenges@609e8838
6272ec8e6c44e3002c415419,Zhihar,Ivan,11861,,440,[],com.andmal.Ranks@359df09a,com.andmal.CodeChallenges@43df23d3
5926295e4b2b185eb200017e,Fantomius,null,11858,null,441,null,com.andmal.Ranks@6d60fe40,com.andmal.CodeChallenges@792b749c
60965696be87da000da1b398,sid114,Siddharth,11831,,442,[],com.andmal.Ranks@23e84203,com.andmal.CodeChallenges@19932c16
5b2a4ee9b6989d3170000093,john9631,kiwi,11828,MITx,443,[python, c, and a smattering of ruby, crystal, rust, lisp ....],com.andmal.Ranks@73eb439a,com.andmal.CodeChallenges@514646ef
56a1b50964852f8ba7000014,MorgzC41,,11806,University of Northern Iowa,444,[],com.andmal.Ranks@305ffe9e,com.andmal.CodeChallenges@302c971f
53989441c729daac8b000e15,haxifix,Kevin Bacon,11805,.titanic { float: none; },445,[mathematics, programming, reverse engineering],com.andmal.Ranks@1972e513,com.andmal.CodeChallenges@7ae0a9ec
54800e8a31cce5e1d2000628,keune,ahmetkun,11791,Evil Corp,446,[],com.andmal.Ranks@35841320,com.andmal.CodeChallenges@61c4eee0
5bdb1cc94a8a17ad0a00040d,vl4deee11,vlad,11776,11,447,[golang],com.andmal.Ranks@6f10d5b6,com.andmal.CodeChallenges@1040be71
62aa52cb9077bd5bc36da9f8,dingdong22,null,11753,null,448,null,com.andmal.Ranks@548a24a,com.andmal.CodeChallenges@433defed
5a2f996ae1ce0e3b0500002e,iNont,Natchanon Charoensuk,11753,,448,null,com.andmal.Ranks@2a693f59,com.andmal.CodeChallenges@3f4faf53
55b344b4e104152adb0000c8,dramforever,,11749,,450,[],com.andmal.Ranks@7fd50002,com.andmal.CodeChallenges@533bda92
5fe16061db3d63001e9922cd,themwq,null,11693,null,451,null,com.andmal.Ranks@304bb45b,com.andmal.CodeChallenges@723ca036
5d65c6d48eb7b5001aeee537,fibonaccios,Leo,11688,,452,[procrastinating],com.andmal.Ranks@25be7b63,com.andmal.CodeChallenges@28dcca0c
5b79ca4d6f6c67fbfb00005b,Admiraal,,11588,,453,[],com.andmal.Ranks@45d84a20,com.andmal.CodeChallenges@52f27fbd
5d7f227e70a6f6001de26a1e,krnets,,11564,DataCamp,454,[],com.andmal.Ranks@4c163e3,com.andmal.CodeChallenges@4a8355dd
5da36954a82c1e00263ad117,mgld,null,11528,null,455,null,com.andmal.Ranks@4d0d9fe7,com.andmal.CodeChallenges@c430e6c
54f7d8648c2d9ead47000521,DeanBrown,Dean Brown,11524,,456,[javascript, node.js, c, c++, c#, java],com.andmal.Ranks@312aa7c,com.andmal.CodeChallenges@536f2a7e
561f73e2c260e1746f000011,bmw318mt,,11517,QA,457,[],com.andmal.Ranks@72bc6553,com.andmal.CodeChallenges@66982506
5dbe21502f32a4001321b41c,ALowVerus,Aidan Low,11486,Dartmouth,458,[],com.andmal.Ranks@70cf32e3,com.andmal.CodeChallenges@5a59ca5e
55a896dfaf48a426090000d1,rica,null,11480,,459,null,com.andmal.Ranks@4bdeaabb,com.andmal.CodeChallenges@6c4906d3
57e6c929eae959b9650002a8,Firefly2002,Daniel,11463,Flatiron School,460,[],com.andmal.Ranks@65987993,com.andmal.CodeChallenges@71075444
5874269a8ec3b4de810000b1,Almusawi,Mohammed Almosawi,11445,V-school,461,[javascript, python],com.andmal.Ranks@4f32a3ad,com.andmal.CodeChallenges@6b695b06
5537ef4891a1ee72db000002,SithFire,Thomas S.,11432,,462,[java, pl/sql, sql, c++, c, python, assembler, javascript, html, bash],com.andmal.Ranks@4d1bf319,com.andmal.CodeChallenges@6f53b8a
56a68cbbc9586d574f000062,Caders,Cade Wilkerson,11429,,463,[ÂÆÖÁî∑],com.andmal.Ranks@5c80cf32,com.andmal.CodeChallenges@7d900ecf
5c53f22d77c00702f2196047,gulevskydev,Gulevskii Dmitrii,11418,Gensokyo,464,[],com.andmal.Ranks@6f01b95f,com.andmal.CodeChallenges@4007f65e
56ffd4a879989c9fea001807,elephantcastle2,No name,11413,,465,[],com.andmal.Ranks@1a245833,com.andmal.CodeChallenges@673fdbce
5a8ee3a20025e94ab2000144,trincot,null,11411,,466,null,com.andmal.Ranks@5965d37,com.andmal.CodeChallenges@7a5ceedd
6113462c37b4ec004a5948d2,martynov-94,,11393,,467,[],com.andmal.Ranks@4201c465,com.andmal.CodeChallenges@5b799640
5c2d519ce4b874037ce64cd7,JudgeHolden,Lester Jones,11359,Code Wars,468,[i'm pretty good with a bo-staff],com.andmal.Ranks@6cb107fd,com.andmal.CodeChallenges@710636b0
5fc46934f8ea9f0010143ef6,Wei-Ting Yang,,11346,National Taiwan University,469,[],com.andmal.Ranks@3de8f619,com.andmal.CodeChallenges@2ab4bc72
5260320aa96f82381e000916,arithmetric,null,11321,null,470,null,com.andmal.Ranks@4e5ed836,com.andmal.CodeChallenges@eadd4fb
570aba6fb7777aebe70012df,damjan,damjan,11276,,471,[],com.andmal.Ranks@740fb309,com.andmal.CodeChallenges@7bd7d6d6
54f695fb513375d4a00005e1,Scopula,,11276,,471,[],com.andmal.Ranks@43f02ef2,com.andmal.CodeChallenges@239a307b
5cd49b2f25054e001d8abfa6,costagavras,,11245,,473,[],com.andmal.Ranks@2a8448fa,com.andmal.CodeChallenges@6f204a1a
567926ef14f28cbf01000045,thecodeite,Sam Plews,11223,Codebar,474,[],com.andmal.Ranks@2de56eb2,com.andmal.CodeChallenges@5f8e8a9d
60456ca4ee94f2000762223b,tobeannouncd,null,11199,null,475,null,com.andmal.Ranks@5745ca0e,com.andmal.CodeChallenges@3ad83a66
580b303043a6be20480000ba,vadimb,Vadim,11170,,476,[js],com.andmal.Ranks@3cce5371,com.andmal.CodeChallenges@17bffc17
578405cae55533d27e001d3e,JorgeVS,Jorge,11162,,477,[],com.andmal.Ranks@6e535154,com.andmal.CodeChallenges@15a34df2
534d339193453797b10009ea,rsalgado,Roberto Salgado,11132,,478,[javascript, python, html, css, ruby, elixir, java, c#],com.andmal.Ranks@5b38c1ec,com.andmal.CodeChallenges@338fc1d8
61fc0121739001e0c36b5f56,AlexxShu,Alexander,11092,,479,[python, js, html, css, c, vba. indesign, photoshop, ai, coreldraw],com.andmal.Ranks@4722ef0c,com.andmal.CodeChallenges@48e1f6c7
5ce9e1691099b7002796bbbb,LarisaOvchinnikova,Larisa Ovchinnikova,11073,pasv,480,[],com.andmal.Ranks@55cb6996,com.andmal.CodeChallenges@1807e3f6
5ffe03dd3f65a5001dd6d29f,Deathbycalculus3,Sam,11054,Looking for Work,481,[c#, python, java],com.andmal.Ranks@480d3575,com.andmal.CodeChallenges@f1da57d
534f3dca76974371aa0005ec,SagePtr,Sage Pointer,11041,null,482,[],com.andmal.Ranks@194fad1,com.andmal.CodeChallenges@26abb146
555a0416d650e0bf58000084,darlanmendonca,Darlan Mendon√ßa,11039,Vagas.com,483,[javascript, node, objective-c],com.andmal.Ranks@72c8e7b,com.andmal.CodeChallenges@65f8f5ae
5e0a2783c6ba5100234f1c8f,custom_concern,null,10965,null,484,null,com.andmal.Ranks@431cd9b2,com.andmal.CodeChallenges@38467116
556d5473f29eaef9db000010,osofem,Oso Oluwafemi,10955,Osofem Inc,485,[],com.andmal.Ranks@5b7a7f33,com.andmal.CodeChallenges@790da477
5c38d8bf6d74c52f02e069a7,solitude,Bubbler's functional self,10923,,486,[],com.andmal.Ranks@5c7933ad,com.andmal.CodeChallenges@57bc27f5
5cdbbe31385bfb00186d714b,S_OK,,10889,,487,[],com.andmal.Ranks@5fb759d6,com.andmal.CodeChallenges@4b8d604b
56214981354ccc524f000068,brianpck,Brian Killackey,10866,,488,[],com.andmal.Ranks@5e7cd6cc,com.andmal.CodeChallenges@68c9d179
59c37347aeb28476c20000b9,bdupau,,10851,Blueriq,489,[],com.andmal.Ranks@d554c5f,com.andmal.CodeChallenges@2dfaea86
55098b201dbf2034f0000aed,MiraliN,Max Norba,10848,STV,490,[],com.andmal.Ranks@15888343,com.andmal.CodeChallenges@33ecda92
54fdf6fcc649984a030008c0,Insti,Geoff Hubbard,10814,Hire me for remote work.,491,[testing, ruby, php],com.andmal.Ranks@14fc5f04,com.andmal.CodeChallenges@6e2829c7
6259776e43cbf60039047712,jpssj,Jean-Philippe Schrooten,10795,,492,[python, django, javascript],com.andmal.Ranks@3feb2dda,com.andmal.CodeChallenges@6a8658ff
560ba3b2dcbcdfda880000fe,seasidetesting,Stephan K√§mper,10790,,493,[software testing, ruby, oceanography, physics],com.andmal.Ranks@1c742ed4,com.andmal.CodeChallenges@333d4a8c
55bf445c144a15e7c1000090,art_star,Artem Starushko,10784,EPAM Systems,494,[javascript, c++],com.andmal.Ranks@55de24cc,com.andmal.CodeChallenges@dc7df28
598d73f8c5bca5b5c1000046,marbiru,,10774,Umuzi,495,[],com.andmal.Ranks@30f842ca,com.andmal.CodeChallenges@69c81773
5f3571f671834c0010de5852,john_connor,Vadym Briniuk,10751,Ukraine,496,[],com.andmal.Ranks@4d14b6c2,com.andmal.CodeChallenges@7e990ed7
5cbec56b0d079900111906f7,andersk,Anders Kaseorg,10736,@zulip,497,[],com.andmal.Ranks@c05fddc,com.andmal.CodeChallenges@25df00a0
6237a3aabe76bc003107cd47,BigPugLabs,BigPugLabs,10698,#100Devs - leonnoel.com/twitch,498,[],com.andmal.Ranks@4d15107f,com.andmal.CodeChallenges@7b4c50bc
58c83926fa4001ce40000020,neilm,,10694,,499,[],com.andmal.Ranks@5884a914,com.andmal.CodeChallenges@50378a4
5851adea1fff3e67b2000042,dschnelldavis,David Schnell-Davis,10693,Lords of COBOL,500,[javascript, sql, html, css, php, coldfusion, startups],com.andmal.Ranks@60f00693,com.andmal.CodeChallenges@79207381
